{"cameraMode":{"drawMode":0,"name":"Shaded","section":"Shading Mode"},"sceneLighting":true,"audioPlay":false,"sceneViewState":{"showFog":true,"showMaterialUpdate":false,"showSkybox":true,"showFlares":true,"showImageEffects":true,"showParticleSystems":true},"in2DMode":false,"pivot":{"x":-1.4708993434906006,"y":0.2884969711303711,"z":9.540227890014649},"rotation":{"x":-0.12805768847465516,"y":0.0014836383052170277,"z":-0.00019166363927070051,"w":-0.9917656183242798},"size":15.296042442321778,"orthographic":false}