{"cameraMode":{"drawMode":0,"name":"Shaded","section":"Shading Mode"},"sceneLighting":false,"audioPlay":false,"sceneViewState":{"showFog":true,"showMaterialUpdate":false,"showSkybox":false,"showFlares":true,"showImageEffects":true,"showParticleSystems":true},"in2DMode":false,"pivot":{"x":-9.98909854888916,"y":1.7088688611984254,"z":9.968104362487793},"rotation":{"x":0.06047448888421059,"y":0.8672566413879395,"z":-0.4820491373538971,"w":0.10879985243082047},"size":10.710204124450684,"orthographic":false}