{"cameraMode":{"drawMode":0,"name":"Shaded","section":"Shading Mode"},"sceneLighting":false,"audioPlay":false,"sceneViewState":{"showFog":true,"showMaterialUpdate":false,"showSkybox":false,"showFlares":true,"showImageEffects":true,"showParticleSystems":true},"in2DMode":false,"pivot":{"x":-0.2536025047302246,"y":2.9774675369262697,"z":0.06362128257751465},"rotation":{"x":-0.2612481713294983,"y":0.6569098830223084,"z":-0.2610909938812256,"w":-0.6573053002357483},"size":14.160537719726563,"orthographic":false}