{"cameraMode":{"drawMode":0,"name":"Shaded","section":"Shading Mode"},"sceneLighting":false,"audioPlay":false,"sceneViewState":{"showFog":true,"showMaterialUpdate":false,"showSkybox":false,"showFlares":true,"showImageEffects":true,"showParticleSystems":true},"in2DMode":false,"pivot":{"x":0.004487395286560059,"y":2.799999713897705,"z":-0.0077724456787109379},"rotation":{"x":-0.2612481713294983,"y":0.6569098830223084,"z":-0.2610909938812256,"w":-0.6573053002357483},"size":10.55407428741455,"orthographic":false}