{"cameraMode":{"drawMode":0,"name":"Shaded","section":"Shading Mode"},"sceneLighting":true,"audioPlay":false,"sceneViewState":{"showFog":true,"showMaterialUpdate":false,"showSkybox":true,"showFlares":true,"showImageEffects":true,"showParticleSystems":true},"in2DMode":false,"pivot":{"x":0.6350002288818359,"y":2.830000877380371,"z":14.75},"rotation":{"x":-0.07223037630319596,"y":0.022137384861707689,"z":-0.001603462384082377,"w":-0.9971410036087036},"size":3.3532965183258058,"orthographic":false}