{"cameraMode":{"drawMode":0,"name":"Shaded","section":"Shading Mode"},"sceneLighting":false,"audioPlay":false,"sceneViewState":{"showFog":true,"showMaterialUpdate":false,"showSkybox":false,"showFlares":true,"showImageEffects":true,"showParticleSystems":true},"in2DMode":false,"pivot":{"x":-12.822675704956055,"y":1.6694341897964478,"z":-0.9869333505630493},"rotation":{"x":-0.0231160968542099,"y":-0.44451943039894106,"z":0.011476103216409684,"w":-0.8953973650932312},"size":6.564452171325684,"orthographic":false}