{"cameraMode":{"drawMode":0,"name":"Shaded","section":"Shading Mode"},"sceneLighting":false,"audioPlay":false,"sceneViewState":{"showFog":true,"showMaterialUpdate":false,"showSkybox":false,"showFlares":true,"showImageEffects":true,"showParticleSystems":true},"in2DMode":false,"pivot":{"x":-0.15206867456436158,"y":2.5327248573303224,"z":-0.38425925374031069},"rotation":{"x":-0.2612481713294983,"y":0.6569098830223084,"z":-0.2610909938812256,"w":-0.6573053002357483},"size":11.728658676147461,"orthographic":false}