{"cameraMode":{"drawMode":0,"name":"Shaded","section":"Shading Mode"},"sceneLighting":false,"audioPlay":false,"sceneViewState":{"showFog":true,"showMaterialUpdate":false,"showSkybox":true,"showFlares":true,"showImageEffects":true,"showParticleSystems":true},"in2DMode":false,"pivot":{"x":-0.6844792366027832,"y":-0.07817602157592774,"z":-0.0055484771728515629},"rotation":{"x":-0.2929491698741913,"y":-0.002297774190083146,"z":0.0007039099582470954,"w":-0.956125020980835},"size":55.542877197265628,"orthographic":false}